word,language,correlation, count
a,GA,0.2570839002945706, 84070
a,EN,0.2570839002945706, 84070
the,EN,78.06597222222223, 68313
an,GA,0.09645756206908264, 64566
an,EN,0.09645756206908264, 64566
of,EN,68.40856031128405, 53514
to,EN,78.27134146341463, 26001
agus,GA,0.0016602759220460924, 25339
in,GA,2.959100537722014, 24297
in,EN,2.959100537722014, 24297
nó,GA,6.804264005443411E-4, 22060
i,GA,0.04408837096382617, 21503
ar,GA,0.0020646226902033653, 19414
ga,X,2745.285714285714, 19224
act,EN,21.512396694214875, 19068
na,GA,0.0025785402304899225, 19052
or,EN,41.23271889400922, 18329
and,EN,47.38297872340426, 18192
seo,GA,5.413533834586466E-4, 16634
mdash,X,0.7592654424040067, 15807
sin,GA,8.394679064961901E-4, 15499
sin,EN,8.394679064961901E-4, 15499
is,X,1.0336086585018514, 14280
le,GA,7.018036353428311E-4, 14259
den,GA,4.927148588723868E-4, 14214
de,GA,0.001342982914272924, 13421
be,EN,109.0, 13310
by,EN,141.34939759036143, 11815
alt,GA,3.3981819726446353E-4, 11775
acht,GA,4.5678786771423353E-4, 10951
go,GA,0.0019257221458046766, 10926
go,EN,0.0019257221458046766, 10926
shall,EN,104.64077669902913, 10881
as,EN,4.543367346938775, 10865
as,GA,4.543367346938775, 10865
this,EN,195.36363636363637, 10800
nbsp,X,0.2158635687306856, 10623
for,EN,47.642201834862384, 10604
aon,GA,5.804953560371517E-4, 10342
do,GA,0.06197123519458545, 10042
section,EN,297.5151515151515, 9851
leis,GA,3.1155883269290684E-4, 9632
any,EN,51.359756097560975, 8587
such,EN,87.125, 7755
chun,GA,2.6798874447273214E-4, 7465
faoi,GA,2.7766208524226016E-4, 7205
under,EN,184.61111111111111, 6682
b,X,0.6516797171002778, 6539
duine,GA,4.87012987012987E-4, 6163
é,GA,9.762447120078099E-4, 6152
may,EN,114.18, 5759
sé,GA,0.0018204988166757691, 5503
on,EN,68.9090909090909, 5383
no,EN,1.215702479338843, 5362
mar,GA,0.001141769743101808, 5261
which,EN,106.34042553191489, 5045
pound,EN,0.8481945467943994, 5016
bheidh,GA,4.0E-4, 5002
minister,EN,379.9230769230769, 4952
faoin,GA,0.0012815036309269544, 4688
person,EN,61.30555555555556, 4486
not,EN,56.5974025974026, 4435
réir,GA,2.2977941176470588E-4, 4353
ná,GA,0.0018604651162790699, 4308
dá,GA,9.302325581395349E-4, 4304
sa,GA,0.004096385542168675, 4167
eile,GA,0.0012094823415578133, 4139
um,GA,0.0016986168405726766, 4128
don,GA,5.306447333510214E-4, 3771
leasú,GA,5.36480686695279E-4, 3730
ní,GA,5.408328826392645E-4, 3700
aacute,X,0.4927302100161551, 3696
taire,GA,2.782415136338342E-4, 3595
so,EN,1.2824281150159744, 3572
number,EN,579.8333333333334, 3485
aire,GA,2.894356005788712E-4, 3456
with,EN,75.6, 3447
dhéanamh,GA,5.825808330905913E-4, 3435
nach,GA,0.002373887240356083, 3378
c,X,0.5879252515572593, 3314
subsection,EN,158.8, 3196
middot,X,1.1873684210526316, 3117
gcás,GA,6.651147322913202E-4, 3009
beidh,GA,0.0013360053440213762, 2998
cibé,GA,0.0013698630136986301, 2924
lena,GA,6.971070059254096E-4, 2871
oireachtas,GA,1.0552763819095476, 2863
it,EN,42.738461538461536, 2843
other,EN,82.44117647058823, 2837
order,EN,107.88461538461539, 2831
gach,GA,0.004291845493562232, 2808
amendment,EN,45.29824561403509, 2639
acts,EN,9.211155378486056, 2563
maidir,GA,3.904724716907458E-4, 2562
atá,GA,7.818608287724785E-4, 2560
bhfuil,GA,0.0024479804161566705, 2457
leith,GA,0.0016346546791990192, 2451
éis,GA,0.0016460905349794238, 2434
gur,GA,8.254230293025176E-4, 2425
at,EN,48.75, 2388
leanas,GA,4.2498937526561835E-4, 2354
if,EN,80.13793103448276, 2353
made,EN,120.63157894736842, 2311
mó,GA,0.0018867924528301887, 2124
he,EN,80.96, 2049
time,EN,88.04347826086956, 2048
from,EN,144.85714285714286, 2042
tar,GA,0.0019656019656019656, 2039
mbeidh,GA,0.0030135610246107484, 1997
day,EN,195.2, 1962
where,EN,240.125, 1929
gan,GA,0.0010672358591248667, 1876
have,EN,159.0, 1760
authority,EN,72.29166666666667, 1759
after,EN,172.5, 1735
court,EN,63.65384615384615, 1681
local,EN,62.92307692307692, 1662
means,EN,206.0, 1656
áirithe,GA,0.0012143290831815423, 1649
má,GA,0.001218769043266301, 1643
ó,GA,0.004929143561306223, 1631
respect,EN,231.57142857142858, 1628
has,EN,94.17647058823529, 1618
principal,EN,319.4, 1602
board,EN,225.85714285714286, 1588
oacute,X,0.5917753259779338, 1587
méid,GA,0.0012812299807815502, 1563
case,EN,85.16666666666667, 1551
eacute,X,0.6230200633579726, 1537
aige,GA,0.00130718954248366, 1532
provisions,EN,167.66666666666666, 1518
tréimhse,GA,0.0013440860215053765, 1490
n,X,0.6730337078651686, 1489
been,EN,85.3529411764706, 1468
his,EN,59.916666666666664, 1462
chuid,GA,0.004169562195969423, 1445
before,EN,359.0, 1440
baile,X,0.6962174940898345, 1435
home,X,0.9846796657381616, 1425
are,EN,70.15, 1423
air,GA,0.08384146341463415, 1422
r,X,0.7651515151515151, 1398
ach,GA,0.0014336917562724014, 1397
than,EN,59.65217391304348, 1395
ann,GA,0.002161383285302594, 1391
rialacháin,GA,0.005788712011577424, 1390
who,EN,197.28571428571428, 1388
specified,EN,98.0, 1386
d,X,0.605568445475638, 1384
mbaineann,GA,0.001451378809869376, 1380
search,X,0.8868715083798883, 1351
bord,GA,0.0452418096723869, 1340
cuardach,X,0.7981029810298103, 1327
cabhair,X,0.801641586867305, 1317
roinnte,X,0.7997256515775034, 1312
print,X,0.8293706293706293, 1308
help,X,0.8223776223776224, 1303
preview,X,0.819327731092437, 1299
screen,X,0.820476858345021, 1298
amhamharc,X,0.8165266106442577, 1297
split,X,0.8176718092566619, 1296
amháin,GA,0.007861635220125786, 1282
finance,EN,37.121212121212125, 1258
offence,EN,61.75, 1255
said,EN,42.13793103448276, 1251
company,EN,12.0, 1248
purposes,EN,112.27272727272727, 1246
being,EN,58.23809523809524, 1244
uacute,GA,0.006535947712418301, 1232
state,EN,132.0, 1197
níos,GA,0.003355704697986577, 1196
amount,EN,131.66666666666666, 1194
acu,GA,0.0034129692832764505, 1176
iacute,GA,0.12848605577689243, 1133
daoine,GA,0.0017857142857142857, 1122
was,EN,277.0, 1112
one,EN,57.421052631578945, 1110
paragraph,EN,109.1, 1101
period,EN,216.2, 1086
bhaineann,GA,0.0018726591760299626, 1070
part,EN,44.91304347826087, 1056
éireann,GA,0.26045400238948624, 1055
officer,EN,103.1, 1041
following,EN,343.3333333333333, 1033
all,EN,28.457142857142856, 1031
hereby,EN,502.0, 1006
him,EN,165.66666666666666, 1000
regulations,EN,89.27272727272727, 993
subject,EN,196.6, 988
out,EN,325.3333333333333, 979
public,EN,5.47682119205298, 978
chéile,GA,0.0020597322348094747, 973
but,EN,161.0, 972
schedule,EN,241.25, 969
every,EN,54.529411764705884, 944
member,EN,36.68, 942
service,EN,307.0, 924
each,EN,129.14285714285714, 911
persons,EN,52.11764705882353, 903
government,EN,37.78260869565217, 892
achtanna,GA,0.480865224625624, 890
land,EN,39.13636363636363, 883
into,EN,72.41666666666667, 881
ireland,X,2.0, 876
date,EN,433.0, 868
body,EN,285.3333333333333, 859
fógra,GA,0.0023391812865497076, 857
exceed,EN,284.0, 855
make,EN,119.28571428571429, 842
apply,EN,166.6, 838
referred,EN,137.83333333333334, 833
council,EN,102.375, 827
chuideachta,GA,0.0012437810945273632, 805
house,EN,159.4, 802
iii,X,0.6036585365853658, 789
purpose,EN,59.61538461538461, 788
application,EN,64.08333333333333, 781
effect,EN,192.25, 773
notice,EN,109.14285714285714, 771
coinníollacha,GA,0.002617801047120419, 766
oifigiúil,GA,0.04532967032967033, 761
stáit,GA,0.029931972789115645, 757
laistigh,GA,0.00801068090787717, 755
either,EN,106.71428571428571, 754
tax,EN,249.66666666666666, 752
office,EN,61.333333333333336, 748
fund,EN,61.083333333333336, 745
exceeding,EN,29.333333333333332, 728
bhfeidhm,GA,0.0013831258644536654, 724
dtí,GA,0.0028089887640449437, 714
féidir,GA,0.008547008547008548, 708
chéad,GA,0.005780346820809248, 696
e,X,0.7019704433497537, 691
county,EN,343.5, 689
cuid,GA,0.0014577259475218659, 687
chomhalta,GA,0.004405286343612335, 684
ceann,GA,0.017991004497751123, 679
payment,EN,112.0, 678
provision,EN,224.33333333333334, 676
goods,EN,20.09375, 675
appointed,EN,332.5, 667
payable,EN,165.25, 665
am,GA,0.0030303030303030303, 662
irish,EN,6.10752688172043, 661
without,EN,53.5, 654
construed,EN,214.66666666666666, 647
employment,EN,641.0, 642
provided,EN,79.125, 641
reference,EN,90.28571428571429, 639
licence,EN,210.33333333333334, 634
halt,GA,0.0015873015873015873, 631
members,EN,61.9, 629
its,EN,124.6, 628
given,EN,124.2, 626
deemed,EN,88.28571428571429, 625
fáil,GA,0.003246753246753247, 618
síochána,GA,0.5272277227722773, 617
whether,EN,35.1764705882353, 615
whom,EN,75.375, 611
title,EN,202.33333333333334, 610
teoranta,GA,0.3032258064516129, 606
development,EN,58.1, 591
two,EN,47.75, 585
including,EN,96.16666666666667, 583
force,EN,95.66666666666667, 580
dlí,GA,0.0017391304347826088, 576
léir,GA,0.0034904013961605585, 575
short,EN,571.0, 572
dhuine,GA,0.0035650623885918, 563
rialachán,GA,0.0017857142857142857, 561
luaithe,GA,0.003590664272890485, 559
applies,EN,137.75, 555
more,EN,41.07692307692308, 547
fine,EN,22.47826086956522, 540
proceedings,EN,536.0, 537
dul,GA,0.003745318352059925, 536
years,EN,32.25, 532
mhí,GA,0.003780718336483932, 531
law,EN,12.921052631578947, 529
oifig,GA,0.0038022813688212928, 528
passing,EN,262.0, 526
provide,EN,86.33333333333333, 524
sum,EN,259.5, 521
chomhairle,GA,0.05263157894736842, 520
pounds,EN,26.263157894736842, 518
poiblí,GA,0.005847953216374269, 516
those,EN,256.5, 515
pensions,EN,62.75, 510
accordance,EN,505.0, 506
bhua,GA,0.0019880715705765406, 504
bith,GA,0.0040, 502
f,X,0.6655518394648829, 498
manner,EN,164.66666666666666, 497
powers,EN,246.5, 495
were,EN,122.5, 494
commissioners,EN,244.0, 490
amend,EN,121.25, 489
náisiúnta,GA,0.014553014553014554, 488
appeal,EN,80.0, 486
deimhniú,GA,0.016771488469601678, 485
limited,EN,4.138297872340425, 483
making,EN,240.0, 482
appropriate,EN,237.5, 477
rates,EN,475.0, 476
duties,EN,117.75, 475
would,EN,235.5, 473
certificate,EN,46.2, 472
table,EN,38.166666666666664, 470
suim,GA,0.004310344827586207, 466
relating,EN,154.0, 465
liable,EN,24.77777777777778, 464
during,EN,461.0, 462
ham,GA,0.004357298474945534, 461
ham,EN,0.004357298474945534, 461
benefit,EN,91.0, 460
cheapadh,GA,0.0021929824561403508, 457
place,EN,29.4, 456
same,EN,27.375, 454
power,EN,74.16666666666667, 451
consent,EN,63.142857142857146, 449
commencement,EN,447.0, 448
child,EN,54.875, 447
ainm,GA,0.009070294784580499, 445
inserted,EN,219.5, 441
guilty,EN,22.157894736842106, 440
functions,EN,218.0, 438
next,EN,144.0, 435
first,EN,47.0, 432
registered,EN,85.0, 430
aforesaid,EN,31.846153846153847, 427
age,EN,41.4, 424
nua,GA,0.004761904761904762, 422
authorised,EN,104.25, 421
mentioned,EN,138.0, 417
forbartha,GA,0.007281553398058253, 415
health,EN,9.763157894736842, 409
ndiaidh,GA,0.0049504950495049506, 406
iv,X,0.5658914728682171, 404
accordingly,EN,99.75, 403
sections,EN,401.0, 402
grant,EN,131.66666666666666, 398
oireachtais,GA,0.7186147186147186, 397
conviction,EN,22.235294117647058, 395
supply,EN,64.66666666666667, 394
held,EN,129.0, 390
days,EN,193.5, 389
terms,EN,387.0, 388
industrial,EN,23.125, 386
when,EN,47.0, 384
scaireanna,GA,0.0160857908847185, 379
employer,EN,376.0, 377
dáil,GA,4.0675675675675675, 375
having,EN,45.75, 374
hundred,EN,36.3, 373
less,EN,45.125, 369
notwithstanding,EN,60.166666666666664, 367
necessary,EN,90.5, 366
cheangal,GA,0.005509641873278237, 365
financial,EN,361.0, 362
aistriú,GA,0.0056022408963585435, 359
new,EN,117.66666666666667, 356
references,EN,354.0, 355
come,EN,352.0, 353
sale,EN,21.0, 352
meaning,EN,86.75, 351
leagan,GA,0.029498525073746312, 349
increase,EN,346.0, 347
iompair,GA,0.05521472392638037, 344
had,EN,113.33333333333333, 343
control,EN,84.5, 342
concerned,EN,340.0, 341
article,EN,55.333333333333336, 338
months,EN,20.0, 336
upon,EN,16.63157894736842, 335
money,EN,166.0, 334
virtue,EN,110.0, 333
commission,EN,330.0, 331
imprisonment,EN,13.347826086956522, 330
chás,GA,0.006153846153846154, 327
director,EN,325.0, 326
immediately,EN,79.5, 322
produce,EN,320.0, 321
until,EN,159.0, 320
g,X,0.6968085106382979, 319
issue,EN,62.4, 317
pay,EN,315.0, 316
resolution,EN,156.0, 314
general,EN,27.454545454545453, 313
their,EN,24.916666666666668, 311
rogha,GA,0.013114754098360656, 309
corporation,EN,33.22222222222222, 308
chinnfidh,GA,0.006557377049180328, 307
constitution,EN,22.46153846153846, 305
done,EN,100.33333333333333, 304
register,EN,150.5, 303
form,EN,300.0, 301
fiche,GA,0.003367003367003367, 298
evidence,EN,25.90909090909091, 296
iascaigh,GA,0.024305555555555556, 295
éagsúla,GA,0.02097902097902098, 292
society,EN,17.1875, 291
give,EN,144.0, 290
chlár,GA,0.006968641114982578, 289
business,EN,94.66666666666667, 287
employed,EN,284.0, 285
april,EN,141.0, 284
contract,EN,282.0, 283
defence,EN,281.0, 282
enactment,EN,139.5, 281
require,EN,92.33333333333333, 280
does,EN,33.75, 278
duty,EN,91.33333333333333, 277
reasonable,EN,33.375, 275
insurance,EN,44.666666666666664, 274
writing,EN,89.0, 270
further,EN,37.0, 266
trust,EN,36.857142857142854, 265
statutory,EN,262.0, 263
rá,GA,0.007692307692307693, 262
cause,EN,25.0, 260
includes,EN,63.25, 257
housing,EN,24.6, 256
eisiúint,GA,0.007905138339920948, 255
used,EN,24.3, 253
roinn,GA,0.0080, 252
high,EN,26.88888888888889, 251
national,EN,12.833333333333334, 249
confirmation,EN,81.66666666666667, 248
take,EN,40.166666666666664, 247
sonraí,GA,0.025, 246
subsections,EN,243.0, 244
compensation,EN,23.3, 243
tenant,EN,39.333333333333336, 242
hold,EN,79.33333333333333, 241
forces,EN,118.5, 239
only,EN,38.666666666666664, 238
right,EN,117.5, 237
second,EN,117.0, 236
use,EN,28.375, 235
determination,EN,232.0, 233
cliath,GA,0.008695652173913044, 232
civil,EN,230.0, 231
possession,EN,24.444444444444443, 229
march,EN,227.0, 228
copy,EN,112.5, 227
british,EN,2.054054054054054, 226
direction,EN,224.0, 225
revenue,EN,15.0, 224
european,EN,110.5, 223
account,EN,221.0, 222
relief,EN,26.625, 221
jurisdiction,EN,54.0, 220
superannuation,EN,30.142857142857142, 218
institute,EN,53.25, 217
words,EN,215.0, 216
determined,EN,214.0, 215
comply,EN,213.0, 214
different,EN,105.5, 213
between,EN,15.23076923076923, 211
appoint,EN,34.0, 210
column,EN,68.33333333333333, 208
executive,EN,205.0, 206
request,EN,204.0, 205
offences,EN,14.692307692307692, 204
accounts,EN,7.12, 203
continuance,EN,201.0, 202
coiste,GA,0.0050, 201
per,EN,14.384615384615385, 200
management,EN,198.0, 199
borough,EN,97.5, 197
long,GA,0.9797979797979798, 196
long,EN,0.9797979797979798, 196
addition,EN,194.0, 195
bank,EN,16.636363636363637, 194
circumstances,EN,95.5, 193
fixed,EN,47.0, 192
value,EN,62.666666666666664, 191
garda,GA,6.916666666666667, 190
old,EN,26.0, 189
registrar,EN,36.4, 187
ochta,GA,0.005434782608695652, 185
judge,EN,91.0, 184
ombudsman,EN,1.4078947368421053, 183
ombudsman,GA,1.4078947368421053, 183
committed,EN,181.0, 182
charges,EN,5.464285714285714, 181
ocht,GA,0.00558659217877095, 180
city,EN,34.8, 179
direct,EN,177.0, 178
education,EN,18.666666666666668, 177
interpretation,EN,86.5, 175
also,EN,28.0, 174
cease,EN,20.625, 173
animals,EN,33.4, 172
determine,EN,18.0, 171
post,EN,1.7258064516129032, 169
post,GA,1.7258064516129032, 169
societies,EN,3.9411764705882355, 168
contrary,EN,82.5, 167
way,EN,165.0, 166
thing,EN,81.5, 165
will,EN,81.0, 164
works,EN,31.6, 163
communities,EN,80.0, 162
il,X,0.025477707006369428, 161
her,EN,31.0, 160
agriculture,EN,78.5, 159
existing,EN,157.0, 158
discharge,EN,76.5, 155
tribunal,EN,16.11111111111111, 154
except,EN,151.0, 152
commissioner,EN,49.333333333333336, 151
department,EN,49.0, 150
arrangement,EN,36.25, 149
whole,EN,48.333333333333336, 148
procedure,EN,35.75, 147
nominated,EN,35.5, 146
poibl,X,1.2857142857142858, 144
discretion,EN,22.833333333333332, 143
fails,EN,70.0, 142
administration,EN,46.0, 141
cent,EN,16.5, 140
widow,EN,138.0, 139
classes,EN,14.333333333333334, 138
known,EN,136.0, 137
oideachais,GA,0.030303030303030304, 136
stated,EN,44.0, 135
exchange,EN,21.333333333333332, 134
amounts,EN,132.0, 133
taking,EN,65.0, 132
vehicle,EN,31.75, 131
custody,EN,129.0, 130
licences,EN,31.25, 129
signed,EN,63.0, 128
extension,EN,126.0, 127
packet,EN,0.7027027027027027, 126
trustee,EN,30.25, 125
offices,EN,4.391304347826087, 124
army,EN,122.0, 123
protection,EN,23.4, 122
woman,EN,120.0, 121
bia,GA,0.02564102564102564, 120
lease,EN,118.0, 119
memorandum,EN,117.0, 118
sessions,EN,2.0789473684210527, 117
provisional,EN,37.666666666666664, 116
convicted,EN,27.75, 115
excise,EN,113.0, 114
paragraphs,EN,55.5, 113
specify,EN,55.0, 112
dispute,EN,110.0, 111
marriage,EN,2.5483870967741935, 110
vested,EN,53.5, 109
sent,EN,35.0, 108
back,EN,16.833333333333332, 107
share,EN,25.5, 106
iontaobhas,GA,0.009615384615384616, 105
exchequer,EN,12.0, 104
imposition,EN,102.0, 103
limerick,EN,8.272727272727273, 102
entry,EN,100.0, 101
material,EN,32.333333333333336, 100
union,EN,10.0, 99
disablement,EN,97.0, 98
inquiry,EN,18.4, 97
simple,EN,95.0, 96
constituency,EN,94.0, 95
maintenance,EN,30.333333333333332, 94
competent,EN,92.0, 93
grounds,EN,29.333333333333332, 91
assessment,EN,8.0, 90
standing,EN,88.0, 89
petty,EN,1.4444444444444444, 88
penalties,EN,16.4, 87
water,EN,16.2, 86
removal,EN,41.5, 85
amending,EN,83.0, 84
stock,EN,82.0, 83
directors,EN,40.0, 82
districts,EN,39.5, 81
conduct,EN,79.0, 80
yearly,EN,25.333333333333332, 79
páipéar,GA,0.02631578947368421, 78
return,EN,37.5, 77
intention,EN,75.0, 76
several,EN,8.375, 75
obh,X,1.1764705882352942, 74
bhforas,GA,0.013888888888888888, 73
parties,EN,13.4, 72
gáis,GA,0.014285714285714285, 71
trusts,EN,6.0, 70
weight,EN,68.0, 69
advance,EN,67.0, 68
lingus,X,1.0303030303030303, 67
merchant,EN,4.5, 66
named,EN,31.5, 65
balance,EN,63.0, 64
port,EN,1.3333333333333333, 63
port,GA,1.3333333333333333, 63
pollution,EN,30.0, 62
poor,EN,5.777777777777778, 61
inland,EN,5.666666666666667, 60
capacity,EN,58.0, 59
produced,EN,13.5, 58
arm,GA,0.03636363636363636, 57
arm,EN,0.03636363636363636, 57
directions,EN,55.0, 56
annexed,EN,54.0, 55
taiscí,GA,0.6875, 54
alleged,EN,52.0, 53
diseases,EN,16.333333333333332, 52
prevention,EN,5.375, 51
through,EN,49.0, 50
supplied,EN,15.333333333333334, 49
heard,EN,47.0, 48
country,EN,22.5, 47
chuardach,GA,0.09523809523809523, 46
man,EN,44.0, 45
repay,EN,21.0, 44
hard,EN,1.5294117647058822, 43
hard,GA,1.5294117647058822, 43
actually,EN,20.0, 42
eurocontrol,X,0.782608695652174, 41
substance,EN,4.714285714285714, 40
feola,GA,0.3448275862068966, 39
live,EN,37.0, 38
consents,EN,8.25, 37
eighteen,EN,17.0, 36
commander,EN,34.0, 35
servitude,EN,33.0, 34
holders,EN,5.6, 33
states,EN,31.0, 32
áfach,GA,0.06896551724137931, 31
woods,EN,1.0, 30
ealaíne,GA,0.07407407407407407, 29
disputes,EN,3.0, 28
allow,EN,8.0, 27
women,EN,7.666666666666667, 26
specifying,EN,24.0, 25
admitted,EN,3.8, 24
gcáilíochtaí,GA,0.09523809523809523, 23
process,EN,10.0, 22
status,EN,9.5, 21
schools,EN,9.0, 20
men,EN,8.5, 19
falling,EN,8.0, 18
proposals,EN,7.5, 17
supplying,EN,15.0, 16
identity,EN,14.0, 15
ngaeilge,GA,0.16666666666666666, 14
subscribed,EN,12.0, 13
creditors,EN,11.0, 12
inter,X,0.375, 11
internal,EN,9.0, 10
conspires,EN,8.0, 9
séanadh,GA,0.14285714285714285, 8
adjudged,EN,6.0, 7
jewish,EN,5.0, 6
degrees,EN,4.0, 5
lodgment,EN,3.0, 4
punishing,EN,2.0, 3
meánloingseach,GA,1.0, 2
nó,GA,8.9698165672512E-5, 22299
é,GA,9.119927040583675E-4, 6585
sé,GA,3.4788658897199514E-4, 5751
that,EN,116.19565217391305, 5391
ina,GA,4.1160732661041366E-4, 4861
réir,GA,2.2099447513812155E-4, 4526
ná,GA,8.988764044943821E-4, 4454
dá,GA,4.5177320984865596E-4, 4429
leasú,GA,2.460024600246002E-4, 4066
ní,GA,5.333333333333334E-4, 3752
dhéanamh,GA,5.515719801434088E-4, 3628
atá,GA,7.320644216691069E-4, 2734
ii,X,0.637239165329053, 2040
áirithe,GA,0.0011111111111111111, 1802
ó,GA,0.003531489111241907, 1705
relation,EN,365.0, 1464
amháin,GA,0.0015026296018031556, 1333
sc,X,0.7667560321715817, 1318
ile,GA,0.7677852348993288, 1317
éireann,GA,0.30114942528735633, 1132
chéile,GA,0.00199203187250996, 1006
paid,EN,326.0, 981
fógra,GA,0.0010384215991692627, 964
within,EN,62.733333333333334, 956
dtaobh,GA,0.00211864406779661, 946
oifigeach,GA,0.0022727272727272726, 882
oifigiúil,GA,0.062087186261558784, 804
chéad,GA,0.002554278416347382, 785
stáit,GA,0.029490616621983913, 768
thereof,EN,40.0, 738
féidir,GA,0.008298755186721992, 729
dtí,GA,0.0027548209366391185, 728
síochána,GA,0.5454545454545454, 714
dar,GA,0.007342143906020558, 686
certain,EN,340.0, 682
dlí,GA,0.001610305958132045, 622
district,EN,101.83333333333333, 617
conditions,EN,298.0, 598
otherwise,EN,147.75, 595
huaire,GA,0.0034542314335060447, 581
fáil,GA,0.003472222222222222, 578
rialachán,GA,0.0017421602787456446, 575
comhairle,GA,0.04483430799220273, 536
there,EN,52.1, 531
entitled,EN,264.0, 530
required,EN,87.0, 528
saorstát,EN,6.319444444444445, 527
seirbhíse,GA,0.005825242718446602, 518
etc,X,0.48563218390804597, 517
talmhaíochta,GA,0.00390625, 514
relates,EN,170.0, 513
granted,EN,100.4, 507
chuige,GA,0.003992015968063872, 503
poiblí,GA,0.006185567010309278, 488
tá,GA,0.014644351464435146, 485
premises,EN,33.214285714285715, 479
agreement,EN,150.0, 453
tábla,GA,0.0022172949002217295, 452
th,EN,28.933333333333334, 449
them,EN,25.11764705882353, 444
unless,EN,71.5, 435
property,EN,25.625, 426
they,EN,191.0, 384
regulation,EN,13.576923076923077, 379
trade,EN,40.888888888888886, 377
náisiúnta,GA,0.019230769230769232, 371
particular,EN,368.0, 369
dáil,GA,4.462686567164179, 366
chás,GA,0.005649717514124294, 356
matter,EN,176.0, 354
term,EN,34.3, 353
fit,EN,174.0, 350
expression,EN,340.0, 341
both,EN,41.25, 338
therein,EN,36.44444444444444, 337
due,EN,164.5, 331
area,EN,328.0, 329
o,X,0.06535947712418301, 326
against,EN,24.0, 325
information,EN,322.0, 323
holding,EN,320.0, 321
coimisiún,GA,0.003134796238244514, 320
bhaile,GA,0.0031746031746031746, 316
officers,EN,155.5, 313
héireann,GA,0.0032258064516129032, 311
drainage,EN,154.0, 310
shares,EN,29.7, 307
gcuideachtaí,GA,0.003278688524590164, 306
name,EN,59.2, 301
sums,EN,299.0, 300
charged,EN,148.5, 299
incurred,EN,146.5, 295
summary,EN,23.416666666666668, 293
céanna,GA,0.017543859649122806, 290
payments,EN,16.0, 289
orders,EN,71.0, 288
planning,EN,142.0, 286
exercise,EN,141.5, 285
rá,GA,0.0070921985815602835, 284
then,EN,139.0, 280
document,EN,138.0, 278
unemployment,EN,91.0, 276
h,X,0.4497354497354497, 274
approval,EN,270.0, 271
sonraí,GA,0.023166023166023165, 265
authorities,EN,261.0, 262
láthair,GA,0.007782101167315175, 259
whose,EN,126.5, 255
contained,EN,24.4, 254
three,EN,14.8125, 253
special,EN,125.0, 252
building,EN,12.105263157894736, 249
transport,EN,60.75, 247
opinion,EN,60.0, 244
five,EN,39.0, 240
permit,EN,238.0, 239
include,EN,236.0, 237
satisfied,EN,116.5, 235
consideration,EN,232.0, 233
landlord,EN,24.555555555555557, 230
focail,GA,0.017857142857142856, 228
v,X,0.6071428571428571, 225
árachais,GA,0.009009009009009009, 224
another,EN,109.5, 221
electricity,EN,30.428571428571427, 220
chairman,EN,218.0, 219
free,EN,26.25, 218
criminal,EN,51.75, 211
equal,EN,208.0, 209
amp,GA,0.0297029702970297, 208
applied,EN,206.0, 207
respectively,EN,50.25, 205
acquisition,EN,15.916666666666666, 203
rules,EN,49.25, 201
medical,EN,65.0, 198
fee,EN,97.5, 197
átha,GA,0.015789473684210527, 193
cathaoirleach,GA,0.03225806451612903, 192
foregoing,EN,62.0, 189
children,EN,6.52, 188
ombudsman,X,1.4078947368421053, 183
up,EN,59.666666666666664, 182
fees,EN,5.961538461538462, 181
ballóide,GA,0.011235955056179775, 180
repayment,EN,178.0, 179
foras,GA,0.12658227848101267, 178
question,EN,87.0, 176
trustees,EN,18.11111111111111, 172
lieu,EN,170.0, 171
thereto,EN,55.666666666666664, 170
tráchtála,GA,0.03048780487804878, 169
six,EN,83.0, 168
word,EN,32.0, 165
penalty,EN,31.6, 163
delivery,EN,31.2, 161
duly,EN,52.333333333333336, 160
pence,EN,30.8, 159
subsequent,EN,51.666666666666664, 158
leasuithe,GA,0.09219858156028368, 154
private,EN,5.375, 153
third,EN,151.0, 152
elections,EN,73.5, 149
thereon,EN,36.0, 148
performance,EN,146.0, 147
levy,EN,145.0, 146
costs,EN,71.5, 145
ten,EN,47.0, 144
thousand,EN,46.666666666666664, 143
declaration,EN,69.0, 140
dwelling,EN,45.0, 138
times,EN,44.333333333333336, 136
married,EN,43.0, 132
false,EN,64.5, 131
end,EN,129.0, 130
statute,EN,126.0, 127
tithe,GA,0.0080, 126
enable,EN,40.666666666666664, 125
secretary,EN,61.0, 124
apparatus,EN,14.375, 123
túdarás,GA,0.2079207920792079, 122
save,EN,23.2, 121
enactments,EN,14.0, 120
s,X,0.32222222222222224, 119
found,EN,117.0, 118
enter,EN,116.0, 117
airport,EN,15.571428571428571, 116
receive,EN,37.333333333333336, 115
outside,EN,36.666666666666664, 113
united,EN,4.894736842105263, 112
shipping,EN,6.857142857142857, 110
october,EN,53.0, 108
default,EN,34.666666666666664, 107
labour,EN,105.0, 106
twelve,EN,104.0, 105
food,EN,51.0, 104
portion,EN,24.75, 103
adoption,EN,101.0, 102
restrictions,EN,99.0, 100
four,EN,98.0, 99
nor,EN,97.0, 98
seven,EN,96.0, 97
furnish,EN,95.0, 96
present,EN,30.333333333333332, 94
buildings,EN,9.333333333333334, 93
port,EN,4.111111111111111, 92
leighis,GA,0.011111111111111112, 91
páipéar,GA,0.022727272727272728, 90
called,EN,43.0, 88
proposal,EN,6.25, 87
navigation,EN,85.0, 86
córas,GA,0.39344262295081966, 85
note,EN,41.0, 84
things,EN,82.0, 83
vict,GA,0.09333333333333334, 82
preceding,EN,80.0, 81
tramways,EN,4.714285714285714, 80
háirithe,GA,0.025974025974025976, 79
complaint,EN,77.0, 78
aer,GA,0.5714285714285714, 77
bainne,GA,0.15151515151515152, 76
mhara,GA,0.041666666666666664, 75
conveyance,EN,17.5, 74
higher,EN,17.25, 73
places,EN,71.0, 72
leithligh,GA,0.028985507246376812, 71
occupier,EN,16.5, 70
revision,EN,22.0, 69
oath,EN,33.0, 68
merchandise,EN,21.333333333333332, 67
arm,GA,0.031746031746031744, 65
proposes,EN,63.0, 64
market,EN,62.0, 63
least,EN,61.0, 62
life,EN,2.210526315789474, 61
town,EN,9.0, 60
mine,EN,10.8, 59
kingdom,EN,8.666666666666666, 58
electric,EN,7.142857142857143, 57
valid,EN,55.0, 56
taiscí,GA,0.6666666666666666, 55
talmha,GA,0.018867924528301886, 54
attached,EN,52.0, 53
ideacha,GA,0.7333333333333333, 52
send,EN,24.5, 51
clerk,EN,9.0, 50
holidays,EN,23.5, 49
tionscal,GA,0.3333333333333333, 48
hospital,EN,46.0, 47
february,EN,22.0, 46
collection,EN,21.5, 45
births,EN,1.9333333333333333, 44
put,EN,7.6, 43
true,EN,20.0, 42
citizen,EN,12.666666666666666, 41
educational,EN,12.333333333333334, 40
fines,EN,18.5, 39
longer,EN,8.5, 38
sentenced,EN,36.0, 37
chester,X,1.0, 36
mbéarla,GA,0.06060606060606061, 35
workers,EN,33.0, 34
well,EN,32.0, 33
designed,EN,9.666666666666666, 32
provident,EN,3.4285714285714284, 31
however,EN,14.0, 30
presence,EN,28.0, 29
measures,EN,13.0, 28
leases,EN,12.5, 27
spirits,EN,25.0, 26
presumed,EN,11.5, 25
retention,EN,11.0, 24
gcáilíochtaí,GA,0.09523809523809523, 23
enters,EN,21.0, 22
waterford,EN,6.0, 21
dangerous,EN,19.0, 20
parent,EN,5.333333333333333, 19
seanaid,GA,0.058823529411764705, 18
unlawfully,EN,7.5, 17
telecom,GA,0.14285714285714285, 16
telecom,EN,0.14285714285714285, 16
exists,EN,14.0, 15
bail,EN,13.0, 14
fraud,EN,12.0, 13
belonged,EN,11.0, 12
bishop,EN,0.5714285714285714, 11
gear,EN,9.0, 10
commandant,EN,8.0, 9
nationality,EN,7.0, 8
féach,GA,0.4, 7
spaces,EN,2.0, 6
manufactory,X,1.5, 5
penaltyes,EN,1.0, 4
connections,EN,2.0, 3
meánloingseach,GA,1.0, 2
nó,GA,7.525453740593183E-4, 22607
ag,GA,2.5176233635448137E-4, 7946
é,GA,0.0012362849636841293, 6479
sé,GA,0.001823819077147547, 5493
réir,GA,4.406256884776382E-4, 4541
san,GA,4.4434570095534326E-4, 4503
dá,GA,8.936550491510277E-4, 4480
ná,GA,0.001896633475580844, 4226
leasú,GA,7.146260123868509E-4, 4201
chur,GA,2.416626389560174E-4, 4139
bheith,GA,2.449179524859172E-4, 4084
ní,GA,5.385029617662897E-4, 3716
dhéanamh,GA,5.523336095001381E-4, 3623
féadfaidh,GA,3.26797385620915E-4, 3061
gcás,GA,0.0010176390773405698, 2951
cibé,GA,0.0017470300489168414, 2867
atá,GA,0.0014265335235378032, 2808
éis,GA,0.0016109544905356424, 2487
thabhairt,GA,4.62962962962963E-4, 2161
mó,GA,0.0019540791402051783, 2051
áirithe,GA,0.0010799136069114472, 1854
ó,GA,0.004336043360433604, 1853
má,GA,0.001671309192200557, 1798
tréimhse,GA,0.0017103762827822121, 1757
méid,GA,0.0011621150493898896, 1723
ionad,GA,5.973715651135006E-4, 1675
rialacháin,GA,0.005835156819839533, 1379
amháin,GA,0.008118081180811807, 1366
cl,X,0.6787048567870486, 1348
éireann,GA,0.1987513007284079, 1152
níos,GA,0.0037071362372567192, 1083
haon,GA,0.0019646365422396855, 1020
chéile,GA,0.0031023784901758012, 970
fógra,GA,0.0011074197120708748, 904
mura,GA,0.001148105625717566, 872
oifigiúil,GA,0.05365853658536585, 864
bliana,GA,0.0024937655860349127, 804
year,EN,780.0, 781
síochána,GA,0.6558441558441559, 765
coinníollacha,GA,0.0026246719160104987, 764
chéad,GA,0.005277044854881266, 762
dtí,GA,0.0027137042062415195, 739
stáit,GA,0.03081232492997199, 736
chúirt,GA,0.001392757660167131, 719
fáil,GA,0.0028368794326241137, 707
talmhaíochta,GA,0.0014684287812041115, 682
féidir,GA,0.013677811550151976, 667
saorstát,EN,4.3983739837398375, 664
socrú,GA,0.0016286644951140066, 615
dlí,GA,0.0049586776859504135, 608
feadh,GA,0.0016722408026755853, 599
interest,EN,296.5, 595
rialtais,GA,0.001718213058419244, 583
léir,GA,0.0034482758620689655, 582
mhí,GA,0.0035971223021582736, 558
ndéanfar,GA,0.0018018018018018018, 556
rialachán,GA,0.0018083182640144665, 554
airgid,GA,0.0018587360594795538, 539
cheann,GA,0.003738317757009346, 537
seirbhíse,GA,0.0056925996204933585, 530
pursuant,EN,513.0, 514
deimhniú,GA,0.01609657947686117, 505
iomlán,GA,0.002044989775051125, 490
poiblí,GA,0.006211180124223602, 486
tá,GA,0.017204301075268817, 473
tábla,GA,0.010775862068965518, 469
náisiúnta,GA,0.006772009029345372, 446
dáil,GA,4.986111111111111, 431
lú,GA,0.0048543689320388345, 414
ceannais,GA,0.004914004914004914, 409
matters,EN,405.0, 406
justice,EN,65.0, 396
charge,EN,18.842105263157894, 377
cúig,GA,0.0053475935828877, 376
aistriú,GA,0.005449591280653951, 369
cead,GA,0.0027624309392265192, 363
dóigh,GA,0.005633802816901409, 357
leanbh,GA,0.005649717514124294, 356
capital,EN,169.0, 340
chás,GA,0.009202453987730062, 329
companies,EN,45.285714285714285, 324
cumhacht,GA,0.003194888178913738, 314
committee,EN,301.0, 302
gcuideachtaí,GA,0.006779661016949152, 297
íocaíocht,GA,0.006825938566552901, 295
established,EN,291.0, 292
registration,EN,8.09375, 291
teideal,GA,0.006944444444444444, 290
ceachtar,GA,0.003472222222222222, 289
héireann,GA,0.003484320557491289, 288
mhalairt,GA,0.007017543859649123, 287
temporary,EN,285.0, 286
cóip,GA,0.0035335689045936395, 284
chlár,GA,0.0071174377224199285, 283
beartaithe,GA,0.0035714285714285713, 281
éagsúla,GA,0.021897810218978103, 280
prejudice,EN,277.0, 278
céanna,GA,0.01845018450184502, 276
statement,EN,135.5, 273
idir,GA,0.0037593984962406013, 267
deimhin,GA,0.007692307692307693, 262
transfer,EN,51.2, 261
eisiúint,GA,0.0078125, 258
rá,GA,0.007905138339920948, 255
bheas,GA,0.004149377593360996, 242
agricultural,EN,239.0, 240
os,GA,0.008438818565400843, 239
dublin,EN,5.571428571428571, 230
proper,EN,110.0, 222
seach,GA,0.004545454545454545, 221
gcúirt,GA,0.004694835680751174, 214
shaorstáit,GA,0.004784688995215311, 210
regard,EN,206.0, 207
received,EN,102.0, 206
owner,EN,40.0, 205
reason,EN,201.0, 202
previously,EN,196.0, 197
continue,EN,191.0, 192
tráchtála,GA,0.026881720430107527, 191
credit,EN,181.0, 182
sealbhóir,GA,0.011363636363636364, 178
instrument,EN,87.5, 177
indictment,EN,28.0, 174
orthu,GA,0.011904761904761904, 170
imposed,EN,166.0, 167
seanad,EN,10.857142857142858, 166
articles,EN,163.0, 164
establishment,EN,162.0, 163
hours,EN,9.8, 162
sheachadadh,GA,0.012578616352201259, 161
ballóide,GA,0.02564102564102564, 160
description,EN,7.833333333333333, 159
laghad,GA,0.012987012987012988, 156
transferred,EN,154.0, 155
ballot,EN,24.666666666666668, 154
kept,EN,18.125, 153
giving,EN,74.0, 150
féachaint,GA,0.006756756756756757, 149
securities,EN,17.5, 148
lands,EN,7.647058823529412, 147
cheachtar,GA,0.006896551724137931, 146
puiblí,GA,0.006944444444444444, 145
condition,EN,140.0, 141
houses,EN,34.0, 140
northern,EN,138.0, 139
death,EN,68.0, 138
pursuance,EN,67.5, 137
total,EN,135.0, 136
think,EN,134.0, 135
like,EN,130.0, 131
céile,GA,0.015625, 130
records,EN,17.428571428571427, 129
month,EN,127.0, 128
vi,X,0.30927835051546393, 127
makes,EN,125.0, 126
aisce,GA,0.008064516129032258, 125
brought,EN,123.0, 124
arising,EN,122.0, 123
bhfaighidh,GA,0.016666666666666666, 122
quota,GA,0.008403361344537815, 120
good,EN,118.0, 119
entered,EN,117.0, 118
become,EN,115.0, 116
cheannach,GA,0.008849557522123894, 114
requirement,EN,110.0, 111
meeting,EN,26.5, 110
excess,EN,108.0, 109
damage,EN,7.3076923076923075, 108
réasún,GA,0.009523809523809525, 106
production,EN,34.0, 105
say,EN,103.0, 104
nóta,GA,0.00980392156862745, 103
cúirt,GA,0.009900990099009901, 102
customs,EN,3.2083333333333335, 101
himthosca,GA,0.010101010101010102, 100
books,EN,15.5, 99
personal,EN,97.0, 98
parliament,EN,96.0, 97
exceeds,EN,47.0, 96
urrúis,GA,0.010638297872340425, 95
fifty,EN,91.0, 92
vote,EN,21.75, 91
manufacture,EN,29.0, 90
investment,EN,13.833333333333334, 89
gceist,GA,0.023529411764705882, 87
ground,EN,85.0, 86
páipéar,GA,0.024096385542168676, 85
marriages,X,2.0, 84
nature,EN,40.5, 83
situate,EN,81.0, 82
córas,GA,0.5, 81
deserted,EN,79.0, 80
túdarás,GA,0.06756756756756757, 79
cirt,GA,0.012987012987012988, 78
respects,EN,76.0, 77
great,EN,18.0, 76
functional,EN,36.5, 75
likely,EN,17.5, 74
shannon,EN,9.428571428571429, 73
thereupon,EN,23.0, 72
saor,GA,0.014285714285714285, 71
pr,X,0.48936170212765956, 70
treatment,EN,16.25, 69
remain,EN,33.0, 68
extended,EN,32.5, 67
vessel,EN,32.0, 66
witness,EN,31.5, 65
kind,EN,63.0, 64
cumarsáide,GA,0.03278688524590164, 63
hereinafter,EN,61.0, 62
created,EN,29.5, 61
can,EN,59.0, 60
rateable,EN,18.666666666666668, 59
tréimhsí,GA,0.017543859649122806, 58
obtained,EN,27.5, 57
taiscí,GA,0.6470588235294118, 56
majority,EN,12.75, 55
dealt,EN,53.0, 54
caused,EN,7.833333333333333, 53
maintained,EN,16.333333333333332, 52
himself,EN,50.0, 51
prison,EN,49.0, 50
show,EN,7.166666666666667, 49
absence,EN,15.0, 48
councils,EN,46.0, 47
constituted,EN,45.0, 46
resides,EN,44.0, 45
neglect,EN,43.0, 44
friendly,EN,6.166666666666667, 43
deposit,EN,41.0, 42
ceannasaí,GA,0.025, 41
receiving,EN,39.0, 40
below,EN,8.75, 39
ownership,EN,37.0, 38
notices,EN,17.5, 37
mode,EN,35.0, 36
intent,EN,6.0, 35
remains,EN,33.0, 34
mechanically,EN,32.0, 33
advertisements,EN,31.0, 32
reward,EN,3.4285714285714284, 31
comprising,EN,29.0, 30
fhocail,GA,0.16, 29
dental,EN,8.333333333333334, 28
knows,EN,26.0, 27
gcáilíochtaí,GA,0.08333333333333333, 26
fáilte,X,0.5625, 25
prosecutions,EN,23.0, 24
incapable,EN,22.0, 23
infants,EN,6.333333333333333, 22
súil,GA,0.05, 21
summons,EN,9.0, 20
och,GA,0.1875, 19
cannabis,EN,3.5, 18
negligence,EN,7.5, 17
gcomhpháirt,GA,0.14285714285714285, 16
ministry,EN,4.0, 15
trespassing,EN,13.0, 14
elsewhere,EN,5.5, 13
captaen,GA,0.2, 12
our,EN,1.2, 11
achtú,GA,0.1111111111111111, 10
siúicre,GA,0.125, 9
fitness,EN,7.0, 8
henceforth,EN,6.0, 7
matthew,EN,1.0, 6
lea,EN,4.0, 5
inflicting,EN,1.0, 4
informally,EN,2.0, 3
meánloingseach,GA,1.0, 2
dhá,GA,0.0017953321364452424, 558
sláinte,GA,0.0018656716417910447, 537
taken,EN,183.5, 369
anything,EN,42.142857142857146, 302
behalf,EN,98.0, 297
ordaithe,GA,0.003472222222222222, 289
work,EN,286.0, 287
gcuideachta,GA,0.0078125, 258
iniúchadh,GA,0.004545454545454545, 221
fisheries,EN,33.333333333333336, 206
cosanta,GA,0.005235602094240838, 192
should,EN,23.857142857142858, 174
referendum,EN,53.666666666666664, 164
stiúrthóirí,GA,0.00625, 161
pleanála,GA,0.052980132450331126, 159
police,EN,14.5, 155
annual,EN,50.333333333333336, 154
funds,EN,49.0, 150
liability,EN,47.666666666666664, 146
official,EN,17.125, 145
bill,EN,22.166666666666668, 139
scriosadh,GA,0.0072992700729927005, 138
ordinary,EN,134.0, 135
chief,EN,64.0, 130
banks,EN,4.863636363636363, 129
steam,EN,0.9230769230769231, 125
definition,EN,40.0, 123
deimhnithe,GA,0.016666666666666666, 122
íocadh,GA,0.01694915254237288, 120
dháil,GA,0.00847457627118644, 119
documents,EN,117.0, 118
mbunreacht,GA,0.1702127659574468, 110
intended,EN,20.6, 108
coláiste,GA,0.009708737864077669, 104
dheimhniú,GA,0.04040404040404041, 103
treated,EN,101.0, 102
contravenes,EN,100.0, 101
removed,EN,99.0, 100
gas,EN,10.0, 99
resident,EN,31.666666666666668, 98
gaeltacht,GA,1.7714285714285714, 97
address,EN,47.0, 96
proved,EN,22.75, 95
amendments,EN,12.142857142857142, 92
gaeltachta,GA,0.15384615384615385, 90
uchtála,GA,0.03571428571428571, 87
harbour,EN,27.666666666666668, 86
wealth,EN,84.0, 85
working,EN,20.0, 84
savings,EN,1.59375, 83
oiliúna,GA,0.07894736842105263, 82
employers,EN,39.0, 80
over,EN,38.5, 79
séala,GA,0.04, 78
institution,EN,18.25, 77
standard,EN,75.0, 76
engaged,EN,74.0, 75
bhunreacht,GA,0.0136986301369863, 74
maximum,EN,5.0, 72
wages,EN,34.5, 71
x,X,0.42857142857142855, 70
britain,EN,68.0, 69
phingin,GA,0.014925373134328358, 68
treoracha,GA,0.03076923076923077, 67
parliamentary,EN,65.0, 66
pingin,GA,0.031746031746031744, 65
expressed,EN,63.0, 64
deg,X,1.1, 63
doing,EN,19.666666666666668, 62
discharged,EN,60.0, 61
laws,EN,59.0, 60
nine,EN,18.666666666666668, 59
knowledge,EN,57.0, 58
viii,X,0.5, 57
coinne,GA,0.037037037037037035, 56
bpáipéar,GA,0.0784313725490196, 55
becoming,EN,17.0, 54
instalments,EN,16.666666666666668, 53
solicitor,EN,12.0, 52
concurrence,EN,50.0, 51
ireann,GA,0.13636363636363635, 50
neither,EN,23.5, 49
comhaltas,GA,0.02127659574468085, 48
church,EN,2.5384615384615383, 46
offender,EN,44.0, 45
plant,EN,6.333333333333333, 44
about,EN,9.75, 43
thereafter,EN,13.0, 42
foreign,EN,40.0, 41
branch,EN,39.0, 40
fuinnimh,GA,0.25806451612903225, 39
sligo,EN,37.0, 38
minor,EN,36.0, 37
bankruptcy,EN,1.0, 36
obstructs,EN,34.0, 35
just,EN,16.0, 34
dog,EN,1.2, 33
selling,EN,31.0, 32
thoilíonn,GA,0.03333333333333333, 31
offenders,EN,0.7647058823529411, 30
informed,EN,28.0, 29
forty,EN,13.0, 28
attributable,EN,12.5, 27
entering,EN,25.0, 26
soldiers,EN,7.333333333333333, 25
successors,EN,2.4285714285714284, 24
invest,EN,22.0, 23
permitted,EN,10.0, 22
abuses,EN,9.5, 21
pharmacy,EN,9.0, 20
choiriúil,GA,0.05555555555555555, 19
forfeited,EN,17.0, 18
solemnised,EN,4.666666666666667, 17
clubs,GA,1.2857142857142858, 16
ascertain,EN,14.0, 15
primarily,EN,6.0, 14
béarla,GA,0.8571428571428571, 13
constructions,EN,1.0, 12
preference,EN,4.5, 11
congregation,EN,1.5, 10
mortgages,EN,8.0, 9
unsound,EN,7.0, 8
supplier,EN,2.5, 7
bachelor,EN,1.0, 6
affirmation,EN,4.0, 5
harold,EN,1.0, 4
grocer,EN,0.5, 3
imprisonmt,X,1.0, 2
valuation,EN,13.45, 289
déag,GA,0.004545454545454545, 221
trial,EN,163.0, 164
party,EN,50.666666666666664, 155
gárda,EN,36.5, 150
taoiseach,GA,0.8533333333333334, 139
course,EN,68.0, 138
choláiste,GA,0.008403361344537815, 120
seachadadh,GA,0.017241379310344827, 118
full,EN,103.0, 104
elected,EN,102.0, 103
undertaking,EN,99.0, 100
hearing,EN,98.0, 99
st,X,2.6296296296296298, 98
j,X,0.7636363636363637, 97
mortgage,EN,31.0, 96
president,EN,10.875, 95
last,EN,28.0, 87
facilities,EN,84.0, 85
roinnt,GA,0.024691358024691357, 83
consolidation,EN,3.4444444444444446, 80
described,EN,38.5, 79
change,EN,14.6, 78
injury,EN,4.5, 77
summarily,EN,24.0, 75
tried,EN,23.666666666666668, 74
similar,EN,70.0, 71
advisory,EN,33.5, 69
clauses,X,2.4, 68
t,X,0.13559322033898305, 67
nítrigin,GA,0.6097560975609756, 66
impose,EN,64.0, 65
telegrafa,GA,0.015873015873015872, 64
sentence,EN,20.0, 63
college,EN,3.4285714285714284, 62
approve,EN,4.545454545454546, 61
exemption,EN,59.0, 60
reifreann,GA,0.03508771929824561, 59
amalgamation,EN,28.0, 58
residence,EN,10.4, 57
causes,EN,1.9473684210526316, 56
communications,EN,26.5, 55
opposite,EN,8.0, 54
departments,EN,4.888888888888889, 53
apart,EN,51.0, 52
you,EN,3.6363636363636362, 51
debentures,EN,15.666666666666666, 50
proceeds,EN,8.8, 49
railways,EN,2.4285714285714284, 48
pósadh,GA,0.022222222222222223, 46
cattle,EN,6.5, 45
university,EN,7.8, 44
sex,EN,42.0, 43
head,EN,41.0, 42
deaths,EN,1.5625, 41
substances,EN,3.4444444444444446, 40
líonadh,GA,0.05405405405405406, 39
current,EN,37.0, 38
vóta,GA,0.05714285714285714, 37
cork,EN,6.2, 36
hear,EN,16.5, 35
excluding,EN,33.0, 34
incorporated,EN,15.5, 33
bankrupt,EN,9.666666666666666, 32
eacnamaíochta,GA,0.06896551724137931, 31
crown,EN,14.0, 30
real,EN,28.0, 29
half,EN,27.0, 28
above,EN,12.5, 27
cuir,GA,0.13043478260869565, 26
marks,EN,5.25, 25
contents,EN,7.0, 24
puist,GA,0.045454545454545456, 23
bhéarla,GA,0.1, 22
library,EN,20.0, 21
erected,EN,4.0, 20
frances,EN,1.7142857142857142, 19
square,EN,2.6, 18
dies,EN,16.0, 17
mines,EN,15.0, 16
midland,EN,4.0, 15
nil,EN,13.0, 14
electrical,EN,2.25, 13
waive,EN,11.0, 12
olla,GA,0.1, 11
wardens,EN,9.0, 10
counterfoil,EN,8.0, 9
undertaken,EN,3.0, 8
surface,EN,6.0, 7
thomond,X,2.0, 6
superintendence,EN,4.0, 5
leormhaith,GA,1.0, 4
intending,EN,2.0, 3
molluscs,EN,1.0, 2
paper,EN,8.928571428571429, 139
iris,EN,0.9622641509433962, 104
iris,GA,0.9622641509433962, 104
defendant,EN,32.333333333333336, 100
declared,EN,31.333333333333332, 97
care,EN,7.7272727272727275, 96
vacancy,EN,86.0, 87
móna,GA,0.024096385542168676, 85
m,X,0.3793103448275862, 80
sold,EN,25.333333333333332, 79
structure,EN,77.0, 78
refuses,EN,34.5, 71
according,EN,33.5, 69
stamp,EN,2.823529411764706, 65
mark,EN,2.2, 64
beostoic,GA,0.18867924528301888, 63
firearm,EN,11.4, 62
school,EN,59.0, 60
unlawful,EN,57.0, 58
tailte,GA,0.017857142857142856, 57
commit,EN,17.666666666666668, 56
suitable,EN,54.0, 55
candidate,EN,26.0, 54
fix,EN,52.0, 53
fourteen,EN,25.0, 52
omission,EN,24.0, 50
detained,EN,48.0, 49
fóir,GA,5.0, 48
gaeilge,GA,0.4375, 46
young,EN,44.0, 45
representation,EN,42.0, 43
street,EN,5.0, 42
ix,X,0.5185185185185185, 41
arises,EN,39.0, 40
ionas,GA,0.11428571428571428, 39
son,GA,0.22580645161290322, 38
son,EN,0.22580645161290322, 38
licensing,EN,2.7, 37
attendance,EN,35.0, 36
tenements,EN,34.0, 35
preferential,EN,1.2666666666666666, 34
agree,EN,32.0, 33
scaoileadh,GA,0.06666666666666667, 32
taobh,GA,0.06896551724137931, 31
fill,EN,6.5, 30
fill,GA,6.5, 30
engagements,EN,28.0, 29
gaol,GA,0.037037037037037035, 28
gaol,EN,0.037037037037037035, 28
admission,EN,26.0, 27
annum,EN,7.666666666666667, 26
bearing,EN,24.0, 25
suíomh,GA,0.2, 24
marked,EN,22.0, 23
neglects,EN,21.0, 22
quorum,EN,4.25, 21
causing,EN,19.0, 20
waiver,EN,18.0, 19
burglary,EN,2.0, 18
expressly,EN,16.0, 17
drawn,EN,15.0, 16
session,EN,14.0, 15
box,EN,2.5, 14
shillings,EN,5.5, 13
sheep,EN,11.0, 12
excuse,EN,10.0, 11
preparing,EN,9.0, 10
themselves,EN,3.5, 9
clear,EN,7.0, 8
unknown,EN,6.0, 7
taispeáin,GA,0.5, 6
maliciously,EN,1.5, 5
bailey,EN,1.0, 4
correcting,EN,2.0, 3
episcopalian,EN,1.0, 2
road,EN,349.0, 350
courts,EN,272.0, 273
purchase,EN,27.571428571428573, 200
expiration,EN,176.0, 177
practices,EN,76.0, 154
dundalk,EN,5.391304347826087, 147
traffic,EN,145.0, 146
firearms,EN,112.0, 113
chapter,EN,54.0, 110
railway,EN,9.777777777777779, 97
certified,EN,44.0, 90
park,EN,21.25, 89
sufficient,EN,43.0, 88
seal,EN,20.75, 87
delivered,EN,85.0, 86
l,X,0.4727272727272727, 81
quay,EN,24.666666666666668, 77
roads,EN,23.333333333333332, 73
improvement,EN,6.2, 72
previous,EN,22.0, 69
proof,EN,67.0, 68
single,EN,32.5, 67
prepared,EN,31.0, 64
drugs,EN,61.0, 62
referring,EN,60.0, 61
common,EN,19.0, 60
applications,EN,58.0, 59
fide,X,0.48717948717948717, 58
master,EN,56.0, 57
gives,EN,55.0, 56
corresponding,EN,54.0, 55
examine,EN,26.0, 54
dissolution,EN,52.0, 53
williamson,EN,1.0, 52
sheet,EN,50.0, 51
maintaining,EN,49.0, 50
claims,EN,48.0, 49
docks,EN,1.8235294117647058, 48
intíre,GA,0.021739130434782608, 47
pháipéir,GA,0.045454545454545456, 46
damages,EN,10.25, 45
annuity,EN,43.0, 44
holdings,EN,42.0, 43
river,EN,13.0, 42
marc,GA,0.05128205128205128, 41
matrimonial,EN,1.2222222222222223, 40
capable,EN,38.0, 39
agreed,EN,18.0, 38
regulating,EN,17.5, 37
farmer,EN,17.0, 36
asset,EN,34.0, 35
awards,EN,16.0, 34
wilfully,EN,5.6, 33
succession,EN,31.0, 32
quarter,EN,30.0, 31
hereinbefore,EN,2.3333333333333335, 30
schedules,EN,28.0, 29
justices,EN,13.0, 28
quantity,EN,26.0, 27
view,EN,25.0, 26
labourers,EN,0.3888888888888889, 25
pier,EN,2.4285714285714284, 24
execute,EN,22.0, 23
louth,EN,21.0, 22
embankments,EN,20.0, 21
jointly,EN,9.0, 20
widower,EN,18.0, 19
try,EN,17.0, 18
uses,EN,7.5, 17
shops,EN,3.0, 16
greenwich,EN,0.36363636363636365, 15
choice,EN,2.5, 14
governors,EN,5.5, 13
felony,EN,11.0, 12
mind,EN,10.0, 11
channel,EN,9.0, 10
trigin,X,0.8, 9
pests,EN,1.6666666666666667, 8
surviving,EN,1.3333333333333333, 7
negrohead,X,1.0, 6
lot,EN,4.0, 5
firstly,EN,3.0, 4
edward,EN,2.0, 3
twibill,X,1.0, 2
lá,GA,0.004842615012106538, 830
údarás,GA,0.08296943231441048, 496
warrant,EN,424.0, 425
sna,GA,0.00303951367781155, 330
iad,GA,0.0030864197530864196, 325
isteach,GA,0.006329113924050633, 318
stát,GA,0.030508474576271188, 304
á,GA,0.0070921985815602835, 284
restriction,EN,247.0, 248
gá,GA,0.004524886877828055, 222
saothair,GA,0.04568527918781726, 206
teagasc,GA,41.25, 169
abairt,GA,0.005988023952095809, 168
publication,EN,153.0, 154
fháil,GA,0.006578947368421052, 153
rinneadh,GA,0.006622516556291391, 152
organisation,EN,145.0, 146
profit,EN,71.5, 145
haghaidh,GA,0.014388489208633094, 141
rud,GA,0.007194244604316547, 140
teach,GA,0.022900763358778626, 134
cuideachta,GA,0.07692307692307693, 126
tríd,GA,0.03361344537815126, 123
mír,GA,0.01680672268907563, 121
nursing,EN,107.0, 108
dleathach,GA,0.009708737864077669, 104
aonair,GA,0.019801980198019802, 103
vii,X,32.666666666666664, 101
mara,GA,0.010309278350515464, 98
meetings,EN,45.0, 92
pinsean,GA,0.03409090909090909, 91
seirbhísí,GA,0.011235955056179775, 90
nollaig,GA,0.011494252873563218, 88
díobh,GA,0.013157894736842105, 77
instruction,EN,75.0, 76
ceart,GA,0.028169014084507043, 73
assurance,EN,5.9, 69
ir,X,0.08333333333333333, 65
hereditaments,EN,9.5, 63
proviso,EN,61.0, 62
rinne,GA,0.03389830508474576, 61
breith,GA,0.017857142857142856, 57
eorpach,GA,0.10204081632653061, 54
technical,EN,52.0, 53
deontais,GA,0.0196078431372549, 52
eolas,GA,0.0625, 51
considering,EN,49.0, 50
atha,GA,0.0425531914893617, 49
deeds,EN,47.0, 48
laoghaire,GA,46.0, 47
comhaontú,GA,0.022222222222222223, 46
club,EN,21.5, 45
aca,GA,0.023809523809523808, 43
london,EN,19.0, 40
solicitors,EN,4.833333333333333, 35
airteagal,GA,0.25925925925925924, 34
prima,X,3.125, 33
division,EN,15.0, 32
aisghairm,GA,0.03333333333333333, 31
mór,GA,0.6666666666666666, 30
faisnéis,GA,0.11538461538461539, 29
gníomhartha,GA,0.07692307692307693, 28
fhoirceannadh,GA,0.038461538461538464, 27
cuibhe,GA,0.04, 26
fheidhm,GA,0.041666666666666664, 25
forbairt,GA,0.14285714285714285, 24
disabled,EN,22.0, 23
chumas,GA,0.047619047619047616, 22
taisteal,GA,0.16666666666666666, 21
dunning,X,1.0, 20
cc,X,2.8, 19
beo,GA,0.058823529411764705, 18
vótáil,GA,0.0625, 17
immature,EN,15.0, 16
uí,GA,0.07142857142857142, 15
luimnigh,GA,0.07692307692307693, 14
probate,EN,12.0, 13
sir,EN,2.0, 12
captain,EN,4.5, 11
sinn,GA,0.1111111111111111, 10
lunacy,EN,2.0, 9
ghlac,GA,0.3333333333333333, 8
lieutenant,EN,2.5, 7
libraries,EN,0.5, 6
shábháil,GA,0.25, 5
harm,EN,1.0, 4
corporal,EN,2.0, 3
paitinní,GA,1.0, 2
costais,GA,0.010309278350515464, 98
p,X,2.5, 77
k,X,11.666666666666666, 76
dhéanann,GA,0.014705882352941176, 69
ú,GA,0.038461538461538464, 54
geo,EN,5.625, 53
bona,X,2.3333333333333335, 50
creditor,EN,46.0, 47
suas,GA,0.022727272727272728, 45
cúis,GA,0.029411764705882353, 35
respective,EN,33.0, 34
facie,X,3.125, 33
bunú,GA,0.034482758620689655, 30
chathair,GA,0.03571428571428571, 29
comhlucht,GA,0.037037037037037035, 28
art,EN,26.0, 27
infirmity,EN,25.0, 26
theoranta,GA,0.5625, 25
donations,EN,10.0, 22
deartha,GA,0.6153846153846154, 21
bille,GA,0.17647058823529413, 20
beatty,EN,18.0, 19
cóipeanna,GA,0.058823529411764705, 18
leading,EN,16.0, 17
sergeant,EN,3.0, 16
tú,GA,1.5, 15
legitimacy,EN,13.0, 14
rianta,GA,3.3333333333333335, 13
islands,EN,11.0, 12
valuations,EN,10.0, 11
bequests,EN,4.0, 10
foirceannadh,GA,0.125, 9
albert,EN,1.6666666666666667, 8
shláinte,GA,0.16666666666666666, 7
chláraitheoir,GA,0.5, 6
scoláireachtaí,GA,1.5, 5
washington,EN,1.0, 4
baol,GA,2.0, 3
endowments,EN,1.0, 2
charitable,EN,25.5, 53
probation,EN,22.5, 47
coimisinéir,GA,0.029411764705882353, 35
near,EN,9.0, 30
fear,GA,0.7058823529411765, 29
fear,EN,0.7058823529411765, 29
núicléigh,GA,1.5454545454545454, 28
cosc,GA,0.038461538461538464, 27
siochana,EN,24.0, 25
bhille,GA,0.29411764705882354, 22
bretton,EN,5.666666666666667, 20
scair,GA,0.2857142857142857, 18
phoiblí,GA,0.5454545454545454, 17
xix,X,2.2, 16
ad,GA,0.15384615384615385, 15
rda,GA,0.07692307692307693, 14
tort,EN,12.0, 13
rangers,EN,1.0, 12
twice,EN,10.0, 11
oglaigh,EN,4.0, 10
dun,EN,8.0, 9
flynn,EN,0.6, 8
reconstituted,EN,6.0, 7
joshua,EN,1.0, 6
triú,GA,0.25, 5
iarnród,GA,1.0, 4
commodore,EN,2.0, 3
officio,X,1.0, 2
tríú,GA,0.019230769230769232, 53
dhaingniú,GA,0.09302325581395349, 47
aerlínte,GA,0.875, 30
se,GA,0.038461538461538464, 27
absolutely,EN,3.1666666666666665, 25
tuarastail,GA,0.047619047619047616, 22
beatha,GA,0.38461538461538464, 18
beneficiaries,EN,3.25, 17
me,EN,15.0, 16
bb,X,6.5, 15
flora,EN,13.0, 14
thrí,GA,0.08333333333333333, 13
saoránach,GA,0.09090909090909091, 12
surveys,EN,10.0, 11
parte,EN,4.0, 10
comhphobail,GA,0.5, 9
bula,EN,7.0, 8
john,EN,1.3333333333333333, 7
dtoilíonn,GA,2.0, 6
obtains,EN,4.0, 5
fianna,GA,3.0, 4
unite,EN,2.0, 3
ginearál,GA,1.0, 2
gcomhphobal,GA,0.06818181818181818, 47
icc,EN,21.0, 22
wildlife,EN,16.0, 17
togra,GA,1.2857142857142858, 16
ex,EN,4.0, 15
logainmneacha,GA,0.07692307692307693, 14
mail,EN,5.5, 13
assigns,EN,3.0, 12
abroad,EN,10.0, 11
wexford,EN,2.3333333333333335, 10
thaisceadh,GA,0.2857142857142857, 9
amuigh,X,0.3333333333333333, 8
corporations,EN,6.0, 7
fhéadfar,GA,0.2, 6
gceathrú,GA,0.25, 5
téacs,GA,0.3333333333333333, 4
prudential,EN,2.0, 3
substaintiúil,GA,1.0, 2
stop,EN,21.0, 22
infant,EN,16.0, 17
maille,GA,0.06666666666666667, 16
reifrinn,GA,0.07142857142857142, 15
gertrude,EN,1.0, 14
alienation,EN,12.0, 13
connaught,EN,1.0, 12
municipal,EN,10.0, 11
uachtarán,GA,0.125, 9
william,EN,7.0, 8
file,EN,1.3333333333333333, 7
file,GA,1.3333333333333333, 7
sanatorium,EN,2.0, 6
dynamite,EN,4.0, 5
coigríche,GA,0.3333333333333333, 4
bhlascaoid,X,2.0, 3
nelson,EN,1.0, 2
bearta,GA,0.15384615384615385, 15
ill,EN,6.0, 14
phósadh,GA,0.18181818181818182, 13
w,X,5.0, 12
glas,EN,10.0, 11
glas,GA,10.0, 11
convened,EN,3.5, 9
ras,GA,0.6, 8
xviii,EN,6.0, 7
patrick,EN,5.0, 6
volunteers,EN,4.0, 5
certiorari,GA,1.0, 4
gais,GA,0.5, 3
arramara,GA,1.0, 2
saoirse,GA,0.16666666666666666, 14
gríobhtha,GA,0.08333333333333333, 13
heirs,EN,2.6666666666666665, 11
leabharlann,GA,0.2857142857142857, 9
altranais,GA,1.6666666666666667, 8
george,EN,2.5, 7
bag,EN,0.5, 6
admit,EN,4.0, 5
prendre,X,1.0, 4
háig,GA,0.5, 3
navy,EN,1.0, 2
al,GA,0.16666666666666666, 14
páirtithe,GA,0.08333333333333333, 13
fieri,GA,0.1, 11
gcapall,EN,3.5, 9
desertion,X,1.6666666666666667, 8
lome,X,0.75, 7
nathan,X,1.0, 6
colonel,EN,4.0, 5
bernard,EN,1.0, 4
bus,EN,2.0, 3
bus,GA,2.0, 3
meirgire,GA,1.0, 2
réadach,GA,0.07692307692307693, 14
facias,GA,0.1, 11
omnibus,EN,3.5, 9
lean,GA,0.3333333333333333, 8
lean,EN,0.3333333333333333, 8
lomé,X,1.3333333333333333, 7
oili,GA,0.2, 6
gaeltarra,EN,4.0, 5
extraordinary,EN,3.0, 4
chancery,EN,2.0, 3
mandamus,X,1.0, 2
alien,EN,10.0, 11
gnóthaí,GA,0.125, 9
xx,X,7.0, 8
attorneys,EN,6.0, 7
xvii,X,5.0, 6
siochána,EN,4.0, 5
connradh,GA,0.3333333333333333, 4
breoiteacht,GA,0.5, 3
cornal,X,1.0, 2
resolve,EN,2.0, 9
gazette,EN,1.0, 8
mbille,EN,6.0, 7
ollscoil,GA,0.5, 6
uchtáil,GA,0.25, 5
shealbhóirí,X,1.0, 4
hibernian,EN,2.0, 3
sanatoria,EN,1.0, 2
u,X,8.0, 9
xvi,XN,7.0, 8
seaman,EN,2.5, 7
hodge,EN,1.0, 6
údaras,GA,1.5, 5
fourths,EN,0.3333333333333333, 4
fhorálfaidh,GA,2.0, 3
battalion,GA,1.0, 2
aontas,GA,0.5, 9
chorcaí,GA,0.14285714285714285, 8
ccc,X,2.0, 6
banna,GA,0.6666666666666666, 5
rifles,EN,3.0, 4
bhfaisnéis,GA,0.5, 3
bpósadh,GA,1.0, 2
tear,X,3.0, 8
neuchatel,GA,0.2, 6
hais,EN,4.0, 5
ionadaíocht,GA,0.3333333333333333, 4
taoisigh,GA,0.5, 3
mitchell,X,1.0, 2
montreal,X,3.0, 8
major,EN,5.0, 6
deichiú,GA,0.25, 5
comhairleach,GA,0.3333333333333333, 4
bhail,GA,0.5, 3
tramway,EN,1.0, 2
dominion,EN,3.0, 8
luimneach,GA,2.0, 6
iompras,GA,1.5, 5
bhosca,GA,2.0, 3
invalided,EN,1.0, 2
leat,GA,0.5, 6
shealbhóidh,GA,0.6666666666666666, 5
oidhreachta,GA,0.5, 3
ph,X,1.0, 2
us,EN,5.0, 6
lefteanant,GA,0.6666666666666666, 5
dhara,GA,2.0, 3
ceannfort,GA,1.0, 2
sonróidh,GA,0.5, 6
riachtanais,GA,0.25, 5
teip,GA,0.5, 3
ensign,EN,1.0, 2
simon,EN,1.0, 6
fhear,GA,0.25, 5
sealúchais,GA,2.0, 3
aonú,GA,1.0, 2
tionnscail,GA,0.2, 6
dd,X,1.5, 5
íocann,GA,2.0, 3
sort,EN,1.0, 2
steamships,EN,1.0, 6
máthair,GA,0.25, 5
britannic,EN,1.0, 2
scaire,GA,0.6666666666666666, 5
fás,GA,1.0, 2
billí,GA,0.25, 5
lunatics,EN,4.0, 5
ist,X,0.25, 5
